bodyId_pre,bodyId_post,roi,weight,bodyid_x,glomerulus,bodyid_y,name,connectivity.type,cell.type,group,class,PN_total_connections,PN_from_LN_perct
1640887603,635407942,AL(R),1,635407942,mPN,1640887603,lLN1_b_R,lLN1_b,lLN1,lLN1,ALLN_broad,67,0.014925373134328358
1667251683,635407942,AL(R),1,635407942,mPN,1667251683,lLN2T_d(Tortuous)_R,lLN2T_d,lLN2T,lLN2T_d-e,ALLN_regional,67,0.014925373134328358
1671620613,635407942,AL(R),6,635407942,mPN,1671620613,v2LN30_R,v2LN30,v2LN30,v2LN30/v2LN37,ALLN_regional,67,0.08955223880597014
1762359683,635407942,AL(R),1,635407942,mPN,1762359683,lLN2S(Star)_R,lLN2S,lLN2S,lLN2S,ALLN_broad,67,0.014925373134328358
5813054725,635407942,AL(R),1,635407942,mPN,5813054725,lLN1_b_R,lLN1_b,lLN1,lLN1,ALLN_broad,67,0.014925373134328358
5813054726,635407942,AL(R),1,635407942,mPN,5813054726,lLN2T_a(Tortuous)_R,lLN2T_a,lLN2T,lLN2T_a-c,ALLN_broad,67,0.014925373134328358
5813076969,635407942,AL(R),1,635407942,mPN,5813076969,lLN2R_b(Regional)_R,lLN2R_b,lLN2R,lLN2R,ALLN_regional,67,0.014925373134328358
5813130064,635407942,AL(R),1,635407942,mPN,5813130064,lLN1_a_R,lLN1_a,lLN1,lLN1,ALLN_broad,67,0.014925373134328358
5813132949,635407942,AL(R),1,635407942,mPN,5813132949,lLN2P_c(Patchy)_R,lLN2P_c,lLN2P,lLN2P,ALLN_patchy,67,0.014925373134328358
