bodyId_pre,bodyId_post,roi,weight,bodyid_x,glomerulus,bodyid_y,name,connectivity.type,cell.type,group,class,PN_total_connections,PN_from_LN_perct
1669924220,481268653,AL(R),1,481268653,mPN,1669924220,lLN2T_d(Tortuous)_R,lLN2T_d,lLN2T,lLN2T_d-e,ALLN_regional,28,0.03571428571428571
1732995501,481268653,AL(R),1,481268653,mPN,1732995501,lLN2S(Star)_R,lLN2S,lLN2S,lLN2S,ALLN_broad,28,0.03571428571428571
2041993364,481268653,AL(R),1,481268653,mPN,2041993364,lLN7_R,lLN7,lLN7,lLN7-9,ALLN_regional,28,0.03571428571428571
5813034455,481268653,AL(R),1,481268653,mPN,5813034455,v2LN3b_R,v2LN3B,v2LN3B,v2LN3,ALLN_regional,28,0.03571428571428571
5813132949,481268653,AL(R),1,481268653,mPN,5813132949,lLN2P_c(Patchy)_R,lLN2P_c,lLN2P,lLN2P,ALLN_patchy,28,0.03571428571428571
