bodyId_pre,bodyId_post,roi,weight,bodyid_x,glomerulus,bodyid_y,name,connectivity.type,cell.type,group,class,PN_total_connections,PN_from_LN_perct
1671257931,1570684665,AL(R),2,1570684665,mPN,1671257931,lLN2P_b(Patchy)_R,lLN2P_b,lLN2P,lLN2P,ALLN_patchy,84,0.023809523809523808
1672320134,1570684665,AL(R),1,1570684665,mPN,1672320134,lLN2T_a(Tortuous)_R,lLN2T_a,lLN2T,lLN2T_a-c,ALLN_broad,84,0.011904761904761904
1699974843,1570684665,AL(R),1,1570684665,mPN,1699974843,lLN2T_e(Tortuous)_R,lLN2T_e,lLN2T,lLN2T_d-e,ALLN_broad,84,0.011904761904761904
1701947337,1570684665,AL(R),2,1570684665,mPN,1701947337,lLN2P_b(Patchy)_R,lLN2P_b,lLN2P,lLN2P,ALLN_patchy,84,0.023809523809523808
1857799548,1570684665,AL(R),2,1570684665,mPN,1857799548,lLN2P_a(Patchy)_R,lLN2P_a,lLN2P,lLN2P,ALLN_patchy,84,0.023809523809523808
1858171556,1570684665,AL(R),2,1570684665,mPN,1858171556,lLN2P_c(Patchy)_R,lLN2P_c,lLN2P,lLN2P,ALLN_patchy,84,0.023809523809523808
1918207300,1570684665,AL(R),1,1570684665,mPN,1918207300,lLN16b_R,lLN16B,lLN16B,lLN10-17,ALLN_sparse,84,0.011904761904761904
5813130064,1570684665,AL(R),1,1570684665,mPN,5813130064,lLN1_a_R,lLN1_a,lLN1,lLN1,ALLN_broad,84,0.011904761904761904
