bodyId_pre,bodyId_post,roi,weight,bodyid_x,glomerulus,bodyid_y,name,connectivity.type,cell.type,group,class,PN_total_connections,PN_from_LN_perct
1642623277,1571025824,AL(R),1,1571025824,mPN,1642623277,lLN1_b_R,lLN1_b,lLN1,lLN1,ALLN_broad,44,0.022727272727272728
1857485213,1571025824,AL(R),2,1571025824,mPN,1857485213,lLN16b_R,lLN16B,lLN16B,lLN10-17,ALLN_sparse,44,0.045454545454545456
1916800213,1571025824,AL(R),3,1571025824,mPN,1916800213,lLN2T_a(Tortuous)_R,lLN2T_a,lLN2T,lLN2T_a-c,ALLN_broad,44,0.06818181818181818
5813054725,1571025824,AL(R),1,1571025824,mPN,5813054725,lLN1_b_R,lLN1_b,lLN1,lLN1,ALLN_broad,44,0.022727272727272728
5813054773,1571025824,AL(R),1,1571025824,mPN,5813054773,l2LN18_R,l2LN18,l2LN18,l2LN18,ALLN_broad,44,0.022727272727272728
5813056598,1571025824,AL(R),1,1571025824,mPN,5813056598,lLN2T_a(Tortuous)_R,lLN2T_a,lLN2T,lLN2T_a-c,ALLN_broad,44,0.022727272727272728
5813069055,1571025824,AL(R),1,1571025824,mPN,5813069055,lLN1_b_R,lLN1_b,lLN1,lLN1,ALLN_broad,44,0.022727272727272728
5813130064,1571025824,AL(R),2,1571025824,mPN,5813130064,lLN1_a_R,lLN1_a,lLN1,lLN1,ALLN_broad,44,0.045454545454545456
5901194966,1571025824,AL(R),2,1571025824,mPN,5901194966,lLN13_R,lLN13,lLN13,lLN10-17,ALLN_sparse,44,0.045454545454545456
