bodyId_pre,bodyId_post,roi,weight,bodyid_x,glomerulus,bodyid_y,name,connectivity.type,cell.type,group,class,PN_total_connections,PN_from_LN_perct
1671257931,1694850602,AL(R),1,1694850602,mPN,1671257931,lLN2P_b(Patchy)_R,lLN2P_b,lLN2P,lLN2P,ALLN_patchy,35,0.02857142857142857
1764388538,1694850602,AL(R),2,1694850602,mPN,1764388538,v2LN35_R,v2LN35,v2LN35,v2LN34-35,ALLN_regional,35,0.05714285714285714
1793744512,1694850602,AL(R),1,1694850602,mPN,1793744512,l2LN19_R,l2LN19,l2LN19,l2LN19,ALLN_sparse,35,0.02857142857142857
1857799548,1694850602,AL(R),1,1694850602,mPN,1857799548,lLN2P_a(Patchy)_R,lLN2P_a,lLN2P,lLN2P,ALLN_patchy,35,0.02857142857142857
5813132949,1694850602,AL(R),1,1694850602,mPN,5813132949,lLN2P_c(Patchy)_R,lLN2P_c,lLN2P,lLN2P,ALLN_patchy,35,0.02857142857142857
