bodyId_pre,bodyId_post,roi,weight,bodyid_x,glomerulus,bodyid_y,name,connectivity.type,cell.type,group,class,PN_total_connections,PN_from_LN_perct
1578826464,1819326555,AL(R),1,1819326555,mPN,1578826464,lLN1_c_R,lLN1_c,lLN1,lLN1,ALLN_broad,19,0.05263157894736842
1670287030,1819326555,AL(R),1,1819326555,mPN,1670287030,lLN2F_a(Full)_R,lLN2F_a,lLN2F,lLN2F,ALLN_broad,19,0.05263157894736842
1702306037,1819326555,AL(R),1,1819326555,mPN,1702306037,lLN2S(Star)_R,lLN2S,lLN2S,lLN2S,ALLN_broad,19,0.05263157894736842
1730327790,1819326555,AL(R),1,1819326555,mPN,1730327790,lLN2T_a(Tortuous)_R,lLN2T_a,lLN2T,lLN2T_a-c,ALLN_broad,19,0.05263157894736842
2101015643,1819326555,AL(R),1,1819326555,mPN,2101015643,v2LN41_R,v2LN41,v2LN41,v2LN5/v2LN40-41/v2LN46-48,ALLN_sparse,19,0.05263157894736842
5813054726,1819326555,AL(R),1,1819326555,mPN,5813054726,lLN2T_a(Tortuous)_R,lLN2T_a,lLN2T,lLN2T_a-c,ALLN_broad,19,0.05263157894736842
5813054773,1819326555,AL(R),1,1819326555,mPN,5813054773,l2LN18_R,l2LN18,l2LN18,l2LN18,ALLN_broad,19,0.05263157894736842
5813069055,1819326555,AL(R),1,1819326555,mPN,5813069055,lLN1_b_R,lLN1_b,lLN1,lLN1,ALLN_broad,19,0.05263157894736842
5813075196,1819326555,AL(R),1,1819326555,mPN,5813075196,lLN2R_a(Regional)_R,lLN2R_a,lLN2R,lLN2R,ALLN_regional,19,0.05263157894736842
