bodyId_pre,bodyId_post,roi,weight,bodyid_x,glomerulus,bodyid_y,name,connectivity.type,cell.type,group,class,PN_total_connections,PN_from_LN_perct
1667251683,757591093,AL(R),1,757591093,mPN,1667251683,lLN2T_d(Tortuous)_R,lLN2T_d,lLN2T,lLN2T_d-e,ALLN_regional,157,0.006369426751592357
1671620613,757591093,AL(R),1,757591093,mPN,1671620613,v2LN30_R,v2LN30,v2LN30,v2LN30/v2LN37,ALLN_regional,157,0.006369426751592357
1732995501,757591093,AL(R),1,757591093,mPN,1732995501,lLN2S(Star)_R,lLN2S,lLN2S,lLN2S,ALLN_broad,157,0.006369426751592357
1762354941,757591093,AL(R),1,757591093,mPN,1762354941,lLN2T_a(Tortuous)_R,lLN2T_a,lLN2T,lLN2T_a-c,ALLN_broad,157,0.006369426751592357
1915155414,757591093,AL(R),1,757591093,mPN,1915155414,v2LN39b_R,v2LN39B,v2LN39B,v2LN2/v2LN39/v2LN49-50,ALLN_sparse,157,0.006369426751592357
1951971057,757591093,AL(R),1,757591093,mPN,1951971057,lLN14_R,lLN14,lLN14,lLN10-17,ALLN_sparse,157,0.006369426751592357
2040301572,757591093,AL(R),2,757591093,mPN,2040301572,lLN11_R,lLN11,lLN11,lLN10-17,ALLN_regional,157,0.012738853503184714
5813054716,757591093,AL(R),4,757591093,mPN,5813054716,v2LN36_R,v2LN36,v2LN36,v2LN36,ALLN_sparse,157,0.025477707006369428
5813069055,757591093,AL(R),1,757591093,mPN,5813069055,lLN1_b_R,lLN1_b,lLN1,lLN1,ALLN_broad,157,0.006369426751592357
