bodyId_pre,bodyId_post,roi,weight,bodyid_x,glomerulus,bodyid_y,name,connectivity.type,cell.type,group,class,PN_total_connections,PN_from_LN_perct
1640909284,735091236,AL(R),1,735091236,,1640909284,lLN2F_b(Full)_R,lLN2F_b,lLN2F,lLN2F,ALLN_broad,29,0.034482758620689655
1670627928,735091236,AL(R),1,735091236,,1670627928,lLN2S(Star)_R,lLN2S,lLN2S,lLN2S,ALLN_broad,29,0.034482758620689655
1672320134,735091236,AL(R),1,735091236,,1672320134,lLN2T_a(Tortuous)_R,lLN2T_a,lLN2T,lLN2T_a-c,ALLN_broad,29,0.034482758620689655
1732995501,735091236,AL(R),1,735091236,,1732995501,lLN2S(Star)_R,lLN2S,lLN2S,lLN2S,ALLN_broad,29,0.034482758620689655
1761345315,735091236,AL(R),1,735091236,,1761345315,vLN24_R,vLN24,vLN24,vLN24-25,ALLN_regional,29,0.034482758620689655
1762359683,735091236,AL(R),1,735091236,,1762359683,lLN2S(Star)_R,lLN2S,lLN2S,lLN2S,ALLN_broad,29,0.034482758620689655
1826825128,735091236,AL(R),1,735091236,,1826825128,lLN13_R,lLN13,lLN13,lLN10-17,ALLN_sparse,29,0.034482758620689655
