bodyId_pre,bodyId_post,roi,weight,bodyid_x,glomerulus,bodyid_y,name,connectivity.type,cell.type,group,class,PN_total_connections,PN_from_LN_perct
1578826464,697132371,AL(R),1,697132371,VM2,1578826464,lLN1_c_R,lLN1_c,lLN1,lLN1,ALLN_broad,31,0.03225806451612903
1667251683,697132371,AL(R),1,697132371,VM2,1667251683,lLN2T_d(Tortuous)_R,lLN2T_d,lLN2T,lLN2T_d-e,ALLN_regional,31,0.03225806451612903
1824101645,697132371,AL(R),1,697132371,VM2,1824101645,lLN1_c_R,lLN1_c,lLN1,lLN1,ALLN_broad,31,0.03225806451612903
1916800213,697132371,AL(R),1,697132371,VM2,1916800213,lLN2T_a(Tortuous)_R,lLN2T_a,lLN2T,lLN2T_a-c,ALLN_broad,31,0.03225806451612903
5813039309,697132371,AL(R),1,697132371,VM2,5813039309,lLN2P_b(Patchy)_R,lLN2P_b,lLN2P,lLN2P,ALLN_patchy,31,0.03225806451612903
5813054777,697132371,AL(R),1,697132371,VM2,5813054777,lLN1_b_R,lLN1_b,lLN1,lLN1,ALLN_broad,31,0.03225806451612903
5813078440,697132371,AL(R),1,697132371,VM2,5813078440,lLN1_b_R,lLN1_b,lLN1,lLN1,ALLN_broad,31,0.03225806451612903
