bodyId_pre,bodyId_post,roi,weight,bodyid_x,glomerulus,bodyid_y,name,connectivity.type,cell.type,group,class,PN_total_connections,PN_from_LN_perct
1671620613,5812995098,AL(R),5,5812995098,VM6,1671620613,v2LN30_R,v2LN30,v2LN30,v2LN30/v2LN37,ALLN_regional,136,0.03676470588235294
1762354941,5812995098,AL(R),2,5812995098,VM6,1762354941,lLN2T_a(Tortuous)_R,lLN2T_a,lLN2T,lLN2T_a-c,ALLN_broad,136,0.014705882352941176
1820721562,5812995098,AL(R),1,5812995098,VM6,1820721562,v2LN32_R,v2LN32,v2LN32,v2LN4/v2LN32-33/v2LN38/v2LN42-45,ALLN_sparse,136,0.007352941176470588
1883102183,5812995098,AL(R),1,5812995098,VM6,1883102183,v2LN5_R,v2LN5,v2LN5,v2LN5/v2LN40-41/v2LN46-48,ALLN_sparse,136,0.007352941176470588
5813024698,5812995098,AL(R),1,5812995098,VM6,5813024698,lLN2F_b(Full)_R,lLN2F_b,lLN2F,lLN2F,ALLN_broad,136,0.007352941176470588
5813054773,5812995098,AL(R),1,5812995098,VM6,5813054773,l2LN18_R,l2LN18,l2LN18,l2LN18,ALLN_broad,136,0.007352941176470588
5901206553,5812995098,AL(R),1,5812995098,VM6,5901206553,il3LN6_L,il3LN6,il3LN6,il3LN6,ALLN_broad,136,0.007352941176470588
