glomerulus,weight,LN_total_connections,LN_to_PN_perct
mPN,33,1646,0.020048602673147023
VP1d,2,1646,0.001215066828675577
DL4,1,1646,0.0006075334143377885
DM4,1,1646,0.0006075334143377885
DP1m,1,1646,0.0006075334143377885
VA1v,1,1646,0.0006075334143377885
VA6,1,1646,0.0006075334143377885
VC4,1,1646,0.0006075334143377885
VL1,1,1646,0.0006075334143377885
VM7d,1,1646,0.0006075334143377885
