glomerulus,weight,LN_total_connections,LN_to_PN_perct
VP1d,62,443,0.1399548532731377
mPN,34,443,0.07674943566591422
DA4m,3,443,0.006772009029345372
