glomerulus,weight,LN_total_connections,LN_to_PN_perct
DM1,17,256,0.06640625
mPN,13,256,0.05078125
DM2,4,256,0.015625
DP1m,2,256,0.0078125
