glomerulus,weight,LN_total_connections,LN_to_PN_perct
mPN,170,1504,0.11303191489361702
DA4m,30,1504,0.0199468085106383
VP1d,3,1504,0.0019946808510638296
DP1l,1,1504,0.0006648936170212766
DP1m,1,1504,0.0006648936170212766
VL2p,1,1504,0.0006648936170212766
VP2,1,1504,0.0006648936170212766
