glomerulus,weight,LN_total_connections,LN_to_PN_perct
VP1d,40,297,0.13468013468013468
mPN,20,297,0.06734006734006734
VL1,1,297,0.003367003367003367
VP1l,1,297,0.003367003367003367
