glomerulus,weight,LN_total_connections,LN_to_PN_perct
VP1d,66,395,0.1670886075949367
mPN,28,395,0.07088607594936709
VL2p,4,395,0.010126582278481013
VP1l,1,395,0.002531645569620253
