glomerulus,weight,LN_total_connections,LN_to_PN_perct
VP1d,70,656,0.10670731707317073
mPN,56,656,0.08536585365853659
VP1m,8,656,0.012195121951219513
DP1m,1,656,0.001524390243902439
