glomerulus,weight,LN_total_connections,LN_to_PN_perct
mPN,36,477,0.07547169811320754
VP1d,11,477,0.023060796645702306
