glomerulus,weight,LN_total_connections,LN_to_PN_perct
DM4,25,158,0.15822784810126583
DM1,5,158,0.03164556962025317
mPN,1,158,0.006329113924050633
