glomerulus,weight,LN_total_connections,LN_to_PN_perct
mPN,35,334,0.10479041916167664
VP1d,1,334,0.0029940119760479044
