glomerulus,weight,LN_total_connections,LN_to_PN_perct
mPN,28,366,0.07650273224043716
D,6,366,0.01639344262295082
