glomerulus,weight,LN_total_connections,LN_to_PN_perct
VA1v,46,196,0.23469387755102042
VA1d,14,196,0.07142857142857142
mPN,2,196,0.01020408163265306
MZ,1,196,0.00510204081632653
