glomerulus,weight,LN_total_connections,LN_to_PN_perct
mPN,60,834,0.07194244604316546
V,3,834,0.0035971223021582736
VC1,1,834,0.001199040767386091
VP1d,1,834,0.001199040767386091
