glomerulus,weight,LN_total_connections,LN_to_PN_perct
mPN,14,465,0.030107526881720432
VP1m,6,465,0.012903225806451613
DM4,1,465,0.002150537634408602
