glomerulus,weight,LN_total_connections,LN_to_PN_perct
mPN,82,861,0.09523809523809523
VC5,67,861,0.07781649245063879
VP2,16,861,0.018583042973286876
