glomerulus,weight,LN_total_connections,LN_to_PN_perct
VP1d,77,516,0.14922480620155038
mPN,44,516,0.08527131782945736
DP1l,2,516,0.003875968992248062
DL2v,1,516,0.001937984496124031
