glomerulus,weight,LN_total_connections,LN_to_PN_perct
mPN,20,290,0.06896551724137931
DP1m,1,290,0.0034482758620689655
