glomerulus,weight,LN_total_connections,LN_to_PN_perct
VP1d,98,597,0.16415410385259632
mPN,37,597,0.06197654941373534
VL2p,3,597,0.005025125628140704
VM4,1,597,0.0016750418760469012
