glomerulus,weight,LN_total_connections,LN_to_PN_perct
VA1d,20,138,0.14492753623188406
VA1v,6,138,0.043478260869565216
