glomerulus,weight,LN_total_connections,LN_to_PN_perct
mPN,86,570,0.15087719298245614
VP1d,14,570,0.02456140350877193
VL1,8,570,0.014035087719298246
V,2,570,0.0035087719298245615
