glomerulus,weight,LN_total_connections,LN_to_PN_perct
VP1d,36,380,0.09473684210526316
mPN,30,380,0.07894736842105263
VL2p,3,380,0.007894736842105263
VP4,2,380,0.005263157894736842
