glomerulus,weight,LN_total_connections,LN_to_PN_perct
VP1d,65,701,0.09272467902995721
mPN,40,701,0.05706134094151213
VL2p,6,701,0.008559201141226819
