glomerulus,weight,LN_total_connections,LN_to_PN_perct
mPN,34,328,0.10365853658536585
VP1d,32,328,0.0975609756097561
VL2p,2,328,0.006097560975609756
