glomerulus,weight,LN_total_connections,LN_to_PN_perct
mPN,45,378,0.11904761904761904
VP1d,20,378,0.05291005291005291
DP1l,1,378,0.0026455026455026454
