glomerulus,weight,LN_total_connections,LN_to_PN_perct
mPN,16,245,0.0653061224489796
DA4m,13,245,0.053061224489795916
DP1m,1,245,0.004081632653061225
