glomerulus,weight,LN_total_connections,LN_to_PN_perct
mPN,28,300,0.09333333333333334
VC3l,10,300,0.03333333333333333
DC4,1,300,0.0033333333333333335
DM6,1,300,0.0033333333333333335
