glomerulus,weight,LN_total_connections,LN_to_PN_perct
mPN,20,237,0.08438818565400844
DM4,7,237,0.029535864978902954
DM2,1,237,0.004219409282700422
