glomerulus,weight,LN_total_connections,LN_to_PN_perct
mPN,21,135,0.15555555555555556
VP1d,8,135,0.05925925925925926
