glomerulus,weight,LN_total_connections,LN_to_PN_perct
VP1d,67,596,0.11241610738255034
mPN,43,596,0.07214765100671142
DP1l,1,596,0.0016778523489932886
