glomerulus,weight,LN_total_connections,LN_to_PN_perct
mPN,21,326,0.06441717791411043
DM2,9,326,0.027607361963190184
DP1m,2,326,0.006134969325153374
