glomerulus,weight,LN_total_connections,LN_to_PN_perct
mPN,22,299,0.07357859531772576
VP1d,21,299,0.07023411371237458
VL2p,13,299,0.043478260869565216
