glomerulus,weight,LN_total_connections,LN_to_PN_perct
mPN,7,252,0.027777777777777776
DM2,3,252,0.011904761904761904
DM4,3,252,0.011904761904761904
DM1,1,252,0.003968253968253968
