glomerulus,weight,LN_total_connections,LN_to_PN_perct
mPN,56,425,0.13176470588235295
VP1d,29,425,0.06823529411764706
DP1l,1,425,0.002352941176470588
VL1,1,425,0.002352941176470588
