glomerulus,weight,LN_total_connections,LN_to_PN_perct
VC5,96,1026,0.0935672514619883
mPN,87,1026,0.0847953216374269
VP2,12,1026,0.011695906432748537
