glomerulus,weight,LN_total_connections,LN_to_PN_perct
mPN,26,226,0.11504424778761062
DA4m,8,226,0.035398230088495575
VP1d,2,226,0.008849557522123894
DP1m,1,226,0.004424778761061947
