glomerulus,weight,LN_total_connections,LN_to_PN_perct
VP1d,63,458,0.13755458515283842
mPN,63,458,0.13755458515283842
VL2p,1,458,0.002183406113537118
