glomerulus,weight,LN_total_connections,LN_to_PN_perct
VP1d,26,201,0.12935323383084577
mPN,19,201,0.0945273631840796
DP1m,7,201,0.03482587064676617
DM4,1,201,0.004975124378109453
