glomerulus,weight,LN_total_connections,LN_to_PN_perct
mPN,75,928,0.08081896551724138
VC5,60,928,0.06465517241379311
VP2,2,928,0.0021551724137931034
