glomerulus,weight,LN_total_connections,LN_to_PN_perct
mPN,92,595,0.1546218487394958
VL1,13,595,0.021848739495798318
VP1d,8,595,0.013445378151260505
DL1,2,595,0.0033613445378151263
