glomerulus,weight,LN_total_connections,LN_to_PN_perct
VA1d,16,120,0.13333333333333333
D,8,120,0.06666666666666667
mPN,4,120,0.03333333333333333
VA1v,2,120,0.016666666666666666
