glomerulus,weight,LN_total_connections,LN_to_PN_perct
VP1d,44,355,0.12394366197183099
mPN,24,355,0.0676056338028169
DA4m,4,355,0.011267605633802818
MZ,1,355,0.0028169014084507044
