glomerulus,weight,LN_total_connections,LN_to_PN_perct
VP1d,14,396,0.03535353535353535
mPN,13,396,0.03282828282828283
