glomerulus,weight,LN_total_connections,LN_to_PN_perct
mPN,24,293,0.08191126279863481
DM4,1,293,0.0034129692832764505
