glomerulus,weight,LN_total_connections,LN_to_PN_perct
VP1d,33,297,0.1111111111111111
mPN,24,297,0.08080808080808081
VL2p,5,297,0.016835016835016835
