glomerulus,weight,LN_total_connections,LN_to_PN_perct
mPN,79,604,0.13079470198675497
VP1d,3,604,0.004966887417218543
VP1l,2,604,0.0033112582781456954
