glomerulus,weight,LN_total_connections,LN_to_PN_perct
VP1d,34,339,0.10029498525073746
mPN,17,339,0.05014749262536873
VL1,1,339,0.0029498525073746312
