glomerulus,weight,LN_total_connections,LN_to_PN_perct
VA1d,22,236,0.09322033898305085
VA1v,13,236,0.05508474576271186
mPN,8,236,0.03389830508474576
