glomerulus,weight,LN_total_connections,LN_to_PN_perct
mPN,98,585,0.1675213675213675
VP1d,72,585,0.12307692307692308
VL1,4,585,0.006837606837606838
VP4,2,585,0.003418803418803419
