glomerulus,weight,LN_total_connections,LN_to_PN_perct
VP1d,42,285,0.14736842105263157
mPN,31,285,0.10877192982456141
DM1,3,285,0.010526315789473684
