glomerulus,weight,LN_total_connections,LN_to_PN_perct
VP1d,60,391,0.1534526854219949
mPN,17,391,0.043478260869565216
VP4,6,391,0.015345268542199489
