glomerulus,weight,LN_total_connections,LN_to_PN_perct
VP1d,68,555,0.12252252252252252
mPN,56,555,0.1009009009009009
VP2,1,555,0.0018018018018018018
