glomerulus,weight,LN_total_connections,LN_to_PN_perct
mPN,37,368,0.10054347826086957
VP1d,20,368,0.05434782608695652
VL2p,5,368,0.01358695652173913
VP4,1,368,0.002717391304347826
