glomerulus,weight,LN_total_connections,LN_to_PN_perct
VP1d,19,82,0.23170731707317074
mPN,10,82,0.12195121951219512
