glomerulus,weight,LN_total_connections,LN_to_PN_perct
mPN,29,487,0.059548254620123205
VA7m,3,487,0.006160164271047228
DM1,1,487,0.002053388090349076
