glomerulus,weight,LN_total_connections,LN_to_PN_perct
VP1d,138,750,0.184
mPN,54,750,0.072
VP4,5,750,0.006666666666666667
VL2p,4,750,0.005333333333333333
