glomerulus,weight,LN_total_connections,LN_to_PN_perct
mPN,15,300,0.05
DP1m,5,300,0.016666666666666666
DM2,4,300,0.013333333333333334
DM1,2,300,0.006666666666666667
