glomerulus,weight,LN_total_connections,LN_to_PN_perct
mPN,7,369,0.018970189701897018
DP1m,2,369,0.005420054200542005
