glomerulus,weight,LN_total_connections,LN_to_PN_perct
DL5,20,210,0.09523809523809523
D,14,210,0.06666666666666667
DL1,6,210,0.02857142857142857
mPN,6,210,0.02857142857142857
