glomerulus,weight,LN_total_connections,LN_to_PN_perct
mPN,41,381,0.10761154855643044
VP1d,32,381,0.08398950131233596
VL2p,1,381,0.0026246719160104987
