glomerulus,weight,LN_total_connections,LN_to_PN_perct
mPN,48,373,0.128686327077748
VP1d,14,373,0.03753351206434316
VL2p,3,373,0.00804289544235925
