glomerulus,weight,LN_total_connections,LN_to_PN_perct
VP1d,94,589,0.15959252971137522
mPN,45,589,0.07640067911714771
DP1l,1,589,0.001697792869269949
