glomerulus,weight,LN_total_connections,LN_to_PN_perct
VP2,6,77,0.07792207792207792
VP1m,1,77,0.012987012987012988
VP4,1,77,0.012987012987012988
