glomerulus,weight,LN_total_connections,LN_to_PN_perct
mPN,29,477,0.06079664570230608
DM6,1,477,0.0020964360587002098
