glomerulus,weight,LN_total_connections,LN_to_PN_perct
VL1,7,86,0.08139534883720931
VP1d,2,86,0.023255813953488372
VP1l,3,86,0.03488372093023256
mPN,45,86,0.5232558139534884
