glomerulus,weight,LN_total_connections,LN_to_PN_perct
DP1l,1,259,0.003861003861003861
VL2p,11,259,0.04247104247104247
VP1d,79,259,0.305019305019305
mPN,68,259,0.2625482625482625
