glomerulus,weight,LN_total_connections,LN_to_PN_perct
DA4m,7,210,0.03333333333333333
DM4,1,210,0.004761904761904762
DP1m,7,210,0.03333333333333333
mPN,41,210,0.19523809523809524
