glomerulus,weight,LN_total_connections,LN_to_PN_perct
VL2p,2,118,0.01694915254237288
VP1d,52,118,0.4406779661016949
VP4,1,118,0.00847457627118644
mPN,37,118,0.3135593220338983
