glomerulus,weight,LN_total_connections,LN_to_PN_perct
VM6,16,795,0.02012578616352201
VP1d,438,795,0.5509433962264151
mPN,92,795,0.11572327044025157
