glomerulus,weight,LN_total_connections,LN_to_PN_perct
DP1m,1,74,0.013513513513513514
VP1d,7,74,0.0945945945945946
VP5,1,74,0.013513513513513514
mPN,26,74,0.35135135135135137
