glomerulus,weight,LN_total_connections,LN_to_PN_perct
DP1l,1,144,0.006944444444444444
DP1m,11,144,0.0763888888888889
VP1d,21,144,0.14583333333333334
mPN,28,144,0.19444444444444445
