glomerulus,weight,LN_total_connections,LN_to_PN_perct
VL2p,11,169,0.0650887573964497
VP1d,44,169,0.2603550295857988
mPN,45,169,0.26627218934911245
