glomerulus,weight,LN_total_connections,LN_to_PN_perct
VM4,1,55,0.01818181818181818
VP1d,21,55,0.38181818181818183
mPN,13,55,0.23636363636363636
