glomerulus,weight,LN_total_connections,LN_to_PN_perct
DC4,2,98,0.02040816326530612
VP1d,1,98,0.01020408163265306
VP1l,1,98,0.01020408163265306
mPN,37,98,0.37755102040816324
