glomerulus,weight,LN_total_connections,LN_to_PN_perct
VA1v,1,76,0.013157894736842105
VP1d,20,76,0.2631578947368421
mPN,17,76,0.2236842105263158
