glomerulus,weight,LN_total_connections,LN_to_PN_perct
DA1,3,154,0.01948051948051948
V,1,154,0.006493506493506494
VP1l,2,154,0.012987012987012988
mPN,25,154,0.16233766233766234
