glomerulus,weight,LN_total_connections,LN_to_PN_perct
VP1d,23,99,0.23232323232323232
VP3,1,99,0.010101010101010102
mPN,15,99,0.15151515151515152
