glomerulus,weight,LN_total_connections,LN_to_PN_perct
DP1l,1,108,0.009259259259259259
VP1d,10,108,0.09259259259259259
mPN,15,108,0.1388888888888889
