glomerulus,weight,LN_total_connections,LN_to_PN_perct
VP1d,11,90,0.12222222222222222
VP1l,1,90,0.011111111111111112
VP1m,2,90,0.022222222222222223
mPN,34,90,0.37777777777777777
